URL|Pageviews|Avg. Time On Page|Authors|Tags|Date|Updated
=HYPERLINK("https://web.dev/accessible-responsive-design", "/accessible-responsive-design/")|||dgash,megginkearney,rachelandrew,robdodson|accessibility|2020-03-31|2020-05-29
=HYPERLINK("https://web.dev/color-and-contrast-accessibility", "/color-and-contrast-accessibility/")|||dgash,megginkearney,rachelandrew,robdodson|accessibility|2020-03-31|2020-05-29
=HYPERLINK("https://web.dev/content-reordering", "/content-reordering/")|||rachelandrew|accessibility|2020-05-29|
=HYPERLINK("https://web.dev/headings-and-landmarks", "/headings-and-landmarks/")|||robdodson||2018-11-18|
=HYPERLINK("https://web.dev/control-focus-with-tabindex", "/control-focus-with-tabindex/")|||robdodson||2018-11-18|
=HYPERLINK("https://web.dev/labels-and-text-alternatives", "/labels-and-text-alternatives/")|||robdodson||2018-11-18|
=HYPERLINK("https://web.dev/keyboard-access", "/keyboard-access/")|||robdodson||2018-11-18|
=HYPERLINK("https://web.dev/style-focus", "/style-focus/")|||robdodson||2018-11-18|
=HYPERLINK("https://web.dev/semantics-and-screen-readers", "/semantics-and-screen-readers/")|||robdodson||2018-11-18|
=HYPERLINK("https://web.dev/what-is-accessibility", "/what-is-accessibility/")|||robdodson||2018-11-18|
=HYPERLINK("https://web.dev/use-semantic-html", "/use-semantic-html/")|||robdodson||2018-11-18|
=HYPERLINK("https://web.dev/get-started-optimize-angular", "/get-started-optimize-angular/")|||mgechev|angular|2019-06-24|
=HYPERLINK("https://web.dev/performance-budgets-with-the-angular-cli", "/performance-budgets-with-the-angular-cli/")|||mgechev|angular,performance|2019-07-02|
=HYPERLINK("https://web.dev/accessible-angular-with-codelyzer", "/accessible-angular-with-codelyzer/")|||mohamedzamakhan,mgechev|angular,accessibility|2019-07-03|
=HYPERLINK("https://web.dev/faster-angular-change-detection", "/faster-angular-change-detection/")|||mgechev|angular,performance|2019-07-09|
=HYPERLINK("https://web.dev/precaching-with-the-angular-service-worker", "/precaching-with-the-angular-service-worker/")|||mgechev|angular,performance,reliability|2019-07-02|
=HYPERLINK("https://web.dev/creating-pwa-with-angular-cli", "/creating-pwa-with-angular-cli/")|||mgechev|angular,pwa|2019-08-15|
=HYPERLINK("https://web.dev/route-level-code-splitting-in-angular", "/route-level-code-splitting-in-angular/")|||mgechev|angular,performance|2019-06-24|
=HYPERLINK("https://web.dev/virtualize-lists-with-angular-cdk", "/virtualize-lists-with-angular-cdk/")|||sfluin|angular,performance|2019-07-12|
=HYPERLINK("https://web.dev/animations-examples", "/animations-examples/")|||rachelandrew|animations,performance|2020-10-23|
=HYPERLINK("https://web.dev/animations-guide", "/animations-guide/")|||rachelandrew,kaycebasques|animations,performance|2020-10-06|
=HYPERLINK("https://web.dev/animations-overview", "/animations-overview/")|||rachelandrew|animations,performance|2020-10-06|
=HYPERLINK("https://web.dev/adaptive-loading-cds-2019", "/adaptive-loading-cds-2019/")|||mihajlija|blog,performance,memory|2019-12-16|
=HYPERLINK("https://web.dev/ads-case-study-stale-while-revalidate", "/ads-case-study-stale-while-revalidate/")|||thebengeu,jimper|blog,case-study,performance,ads|2020-03-05|
=HYPERLINK("https://web.dev/advancing-framework-ecosystem-cds-2019", "/advancing-framework-ecosystem-cds-2019/")|||houssein|blog,performance,frameworks|2020-01-08|
=HYPERLINK("https://web.dev/appcache-removal", "/appcache-removal/")|||jeffposnick|appcache,blog,chrome84,deprecation,origin-trial,removal,service-worker|2020-05-18|2021-02-01
=HYPERLINK("https://web.dev/app-shortcuts", "/app-shortcuts/")|||beaufortfrancois,jungkees|blog,capabilities,progressive-web-apps|2020-05-20|2020-11-16
=HYPERLINK("https://web.dev/ar-hit-test", "/ar-hit-test/")|||joemedley|blog,augmented-reality,hit-test,virtual-reality,webxr|2020-02-13|2020-06-04
=HYPERLINK("https://web.dev/aria-poison-or-antidote", "/aria-poison-or-antidote/")|||aaronleventhal|blog,accessibility|2020-08-18|
=HYPERLINK("https://web.dev/accessible-tap-targets", "/accessible-tap-targets/")|||dgash,megginkearney,rachelandrew,robdodson|accessibility|2020-03-31|2020-05-29
=HYPERLINK("https://web.dev/aspect-ratio", "/aspect-ratio/")|||una|blog,css|2021-01-28|
=HYPERLINK("https://web.dev/backdrop-filter", "/backdrop-filter/")|||adamargyle,joemedley|blog,css,backdrop-filter|2019-07-26|2019-08-29
=HYPERLINK("https://web.dev/autowebperf", "/autowebperf/")|||jonchen,gilbertococchi,antoinebisch|blog,performance,tools|2020-12-09|2021-01-08
=HYPERLINK("https://web.dev/better-layout-shift-metric", "/better-layout-shift-metric/")|||anniesullie,mmocny|blog,performance,web-vitals|2021-01-25|
=HYPERLINK("https://web.dev/async-clipboard", "/async-clipboard/")|||developit,thomassteiner|blog,capabilities,input,clipboard|2020-07-31|2021-02-08
=HYPERLINK("https://web.dev/route-preloading-in-angular", "/route-preloading-in-angular/")|||mgechev|angular,performance|2019-07-09|
=HYPERLINK("https://web.dev/browser-fs-access", "/browser-fs-access/")|||thomassteiner|blog,progressive-web-apps,capabilities,file-system,file-system-access|2020-07-27|2021-01-27
=HYPERLINK("https://web.dev/browser-level-lazy-loading-for-cmss", "/browser-level-lazy-loading-for-cmss/")|||felixarntz|blog,performance|2020-11-20|
=HYPERLINK("https://web.dev/betty-crocker", "/betty-crocker/")|||thomassteiner,phillipkriegel|blog,case-study,wake-lock,capabilities|2020-05-19|2020-05-19
=HYPERLINK("https://web.dev/building-a-sidenav-component", "/building-a-sidenav-component/")|||adamargyle|blog,css,dom,javascript,layout,mobile,ux|2021-01-21|
=HYPERLINK("https://web.dev/building-a-stories-component", "/building-a-stories-component/")|||adamargyle|blog,css,dom,javascript,layout,mobile,ux|2020-11-25|
=HYPERLINK("https://web.dev/cache-api-quick-guide", "/cache-api-quick-guide/")|||petelepage|blog,progressive-web-apps|2017-10-03|2020-04-27
=HYPERLINK("https://web.dev/camera-pan-tilt-zoom", "/camera-pan-tilt-zoom/")|||beaufortfrancois|blog,capabilities,media|2020-10-05|2020-11-18
=HYPERLINK("https://web.dev/carousel-best-practices", "/carousel-best-practices/")|||katiehempenius|blog,fast,performance,web-vitals|2021-01-26|
=HYPERLINK("https://web.dev/centering-in-css", "/centering-in-css/")|||adamargyle|blog,css,layout,internationalization|2020-12-16|
=HYPERLINK("https://web.dev/change-password-url", "/change-password-url/")|||agektmr|blog,identity,security|2020-09-01|2020-09-24
=HYPERLINK("https://web.dev/clipchamp", "/clipchamp/")|||sorenbalko|blog,case-study,progressive-web-apps|2020-12-08|
=HYPERLINK("https://web.dev/codelab-address-form-best-practices", "/codelab-address-form-best-practices/")|||samdutton|ecommerce,forms,identity,layout,mobile,security,ux|2020-12-09|2020-12-09
=HYPERLINK("https://web.dev/codelab-building-a-sidenav-component", "/codelab-building-a-sidenav-component/")|||adamargyle|css,dom,javascript,layout,mobile,ux|2021-01-21|
=HYPERLINK("https://web.dev/codelab-centering-in-css", "/codelab-centering-in-css/")|||adamargyle|css,layout|2020-12-16|
=HYPERLINK("https://web.dev/codelab-payment-form-best-practices", "/codelab-payment-form-best-practices/")|||samdutton|ecommerce,forms,identity,layout,mobile,security,ux|2020-12-09|2020-12-09
=HYPERLINK("https://web.dev/codelab-sign-in-form-best-practices", "/codelab-sign-in-form-best-practices/")|||samdutton|forms,identity,layout,mobile,security,ux|2020-06-29|2020-08-05
=HYPERLINK("https://web.dev/codelab-sign-up-form-best-practices", "/codelab-sign-up-form-best-practices/")|||samdutton|forms,identity,layout,mobile,security,ux|2020-12-09|2020-12-09
=HYPERLINK("https://web.dev/commonjs-larger-bundles", "/commonjs-larger-bundles/")|||mgechev|blog,javascript,modules,commonjs,tree-shaking|2020-05-08|2020-05-26
=HYPERLINK("https://web.dev/contact-picker", "/contact-picker/")|||petelepage|blog,capabilities,contacts|2019-08-07|2020-07-30
=HYPERLINK("https://web.dev/content-indexing-api", "/content-indexing-api/")|||jeffposnick|blog,capabilities,service-worker,chrome80,index,caching|2019-12-12|2021-01-21
=HYPERLINK("https://web.dev/content-visibility", "/content-visibility/")|||una,vladimirlevin|blog,css,layout,performance|2020-08-05|
=HYPERLINK("https://web.dev/cors-rfc1918-feedback", "/cors-rfc1918-feedback/")|||agektmr|blog,security,cors|2020-11-09|
=HYPERLINK("https://web.dev/css-clipping", "/css-clipping/")|||rachelandrew|blog,css|2020-09-14|
=HYPERLINK("https://web.dev/css-masking", "/css-masking/")|||rachelandrew|blog,css|2020-09-14|
=HYPERLINK("https://web.dev/css-marker-pseudo-element", "/css-marker-pseudo-element/")||||||
=HYPERLINK("https://web.dev/css-props-and-vals", "/css-props-and-vals/")|||samrichard|blog,houdini,css,Chrome78|2019-09-19|
=HYPERLINK("https://web.dev/deprecating-excalidraw-electron", "/deprecating-excalidraw-electron/")|||thomassteiner|blog,capabilities,case-study|2021-01-07|2021-01-27
=HYPERLINK("https://web.dev/device-pixel-content-box", "/device-pixel-content-box/")|||surma|blog,dom,javascript,layout,rendering|2020-07-07|
=HYPERLINK("https://web.dev/devices-introduction", "/devices-introduction/")|||beaufortfrancois|blog,capabilities,devices|2021-02-12|2021-02-12
=HYPERLINK("https://web.dev/disable-mouse-acceleration", "/disable-mouse-acceleration/")|||beaufortfrancois|blog,capabilities,games,devices|2020-11-26|
=HYPERLINK("https://web.dev/discover-performance-opportunities-with-lighthouse", "/discover-performance-opportunities-with-lighthouse/")|||kaycebasques|blog,performance,devtools|2018-11-05|
=HYPERLINK("https://web.dev/disallow-synchronous-xhr", "/disallow-synchronous-xhr/")|||joemedley|blog,deprecation|2019-12-18|2020-07-17
=HYPERLINK("https://web.dev/drag-and-drop", "/drag-and-drop/")|||ericbidelman,rachelandrew|blog,html,javascript,file-system|2010-09-30|2020-07-29
=HYPERLINK("https://web.dev/earth-webassembly", "/earth-webassembly/")|||jormears|blog,webassembly,Earth,Web App,case-study|2019-06-20|
=HYPERLINK("https://web.dev/extending-workbox", "/extending-workbox/")|||jeffposnick|blog,service-worker,offline,network,progressive-web-apps,performance|2020-12-10|
=HYPERLINK("https://web.dev/fast-ads-matter", "/fast-ads-matter/")|||gernberg,jimper,robhazan,thebengeu|blog,performance,ads|2019-10-29|
=HYPERLINK("https://web.dev/fetch-metadata", "/fetch-metadata/")|||lwe|blog,security,fetch-metadata|2020-06-04|2020-06-10
=HYPERLINK("https://web.dev/fetch-upload-streaming", "/fetch-upload-streaming/")|||jakearchibald|blog,network,service-worker|2020-07-22|2020-07-22
=HYPERLINK("https://web.dev/file-handling", "/file-handling/")|||thomassteiner|blog,file-handling|2020-10-22|2020-11-02
=HYPERLINK("https://web.dev/five-ways-airshift-improved-their-react-app", "/five-ways-airshift-improved-their-react-app/")|||uskay,yosuke_furukawa,satoshi_arai,kento_tsuji|blog,case-study,performance|2019-11-06|
=HYPERLINK("https://web.dev/fixing-layout-instability", "/fixing-layout-instability/")|||rviscomi|blog,webdev,webpagetest,ux|2019-09-30|
=HYPERLINK("https://web.dev/flexbox-gap", "/flexbox-gap/")|||adamargyle,dgrogan||2020-05-07|2020-06-19
=HYPERLINK("https://web.dev/fugu-status", "/fugu-status/")||||blog,capabilities|2018-11-12|2021-02-03
=HYPERLINK("https://web.dev/gamepad", "/gamepad/")|||thomassteiner|blog,capabilities,gamepad,devices|2020-11-03|2020-11-04
=HYPERLINK("https://web.dev/get-installed-related-apps", "/get-installed-related-apps/")|||petelepage|blog,capabilities|2018-12-20|2021-02-09
=HYPERLINK("https://web.dev/goibibo", "/goibibo/")||||blog,case-study,capabilities,progressive-web-apps,scale-on-web|2020-09-29|
=HYPERLINK("https://web.dev/google-search-tools", "/google-search-tools/")|||martinsplitt|blog,seo,web-vitals,javascript,performance,lighthouse|2020-06-25|
=HYPERLINK("https://web.dev/gravit-designer", "/gravit-designer/")|||rezakazemi|blog,case-study,progressive-web-apps|2020-12-08|
=HYPERLINK("https://web.dev/granular-chunking-nextjs", "/granular-chunking-nextjs/")|||houssein|blog,performance,frameworks|2020-04-29|
=HYPERLINK("https://web.dev/hands-on-portals", "/hands-on-portals/")|||uskay|blog,portals,ux|2019-05-06|2020-07-13
=HYPERLINK("https://web.dev/hid-examples", "/hid-examples/")|||joemedley,mattreynolds|blog,capabilities,hid,games,devices|2020-07-22|2021-01-25
=HYPERLINK("https://web.dev/houdini-how", "/houdini-how/")|||una|blog,css,houdini|2020-12-10|
=HYPERLINK("https://web.dev/how-mercadolibre-optimized-web-vitals", "/how-mercadolibre-optimized-web-vitals/")|||demianrenzulli,aranhacarlos,joanbaca|blog,performance,web-vitals,case-study,lighthouse,chrome-ux-report,javascript|2020-09-21|
=HYPERLINK("https://web.dev/how-to-file-a-good-bug", "/how-to-file-a-good-bug/")|||robertnyman,petelepage|blog|2020-06-15|2020-06-15
=HYPERLINK("https://web.dev/how-to-set-up-signed-http-exchanges", "/how-to-set-up-signed-http-exchanges/")|||kumagi|blog,SXG,nginx|2020-03-11|
=HYPERLINK("https://web.dev/how-to-distribute-signed-http-exchanges", "/how-to-distribute-signed-http-exchanges/")|||kumagi|blog,SXG,nginx|2020-03-11|
=HYPERLINK("https://web.dev/how-to-use-local-https", "/how-to-use-local-https/")|||maudn|blog,security|2021-01-25|
=HYPERLINK("https://web.dev/how-we-build-webdev-and-use-web-components", "/how-we-build-webdev-and-use-web-components/")|||samthor|blog,engineering-blog|2020-04-09|
=HYPERLINK("https://web.dev/idle-detection", "/idle-detection/")|||thomassteiner|blog,idle-detection,capabilities|2020-05-18|2021-02-02
=HYPERLINK("https://web.dev/iframe-lazy-loading", "/iframe-lazy-loading/")|||addyosmani|blog,performance,memory|2020-07-24|
=HYPERLINK("https://web.dev/image-optimization-survey-2019", "/image-optimization-survey-2019/")|||samdutton|blog,images,performance|2019-11-22|
=HYPERLINK("https://web.dev/image-policies", "/image-policies/")|||lunalu|blog,images,origin-trials|2019-05-31|
=HYPERLINK("https://web.dev/install-thumbor", "/install-thumbor/")|||katiehempenius|blog,performance,images|2019-08-14|
=HYPERLINK("https://web.dev/introducing-model-viewer", "/introducing-model-viewer/")|||rkochman,joemedley|blog,3d,model-viewer,augmented-reality,virtual-reality,webxr|2020-09-03|2020-09-03
=HYPERLINK("https://web.dev/introducing-tooling-report", "/introducing-tooling-report/")||||blog,tools,javascript,css,html|2020-06-29|2020-08-20
=HYPERLINK("https://web.dev/isinputpending", "/isinputpending/")|||nateschloss,andrewcomminos|blog,javascript,performance,rendering|2020-11-19|
=HYPERLINK("https://web.dev/javascript-and-google-search-io-2019", "/javascript-and-google-search-io-2019/")|||martinsplitt,ekharvey|blog,seo,discoverability,javascript|2019-06-05|
=HYPERLINK("https://web.dev/jdid", "/jdid/")||||blog,case-study,progressive-web-apps,install,offline,scale-on-web|2020-11-24|
=HYPERLINK("https://web.dev/keyboard-lock", "/keyboard-lock/")|||thomassteiner|blog,capabilities|2020-07-28|
=HYPERLINK("https://web.dev/lighthouse-evolution-cds-2019", "/lighthouse-evolution-cds-2019/")|||egsweeny|blog,performance|2019-12-16|
=HYPERLINK("https://web.dev/link-prefetch", "/link-prefetch/")|||demianrenzulli|blog,performance|2019-09-12|
=HYPERLINK("https://web.dev/live-wrap-up", "/live-wrap-up/")||||blog,web-vitals,security,capabilities,accessibility,metrics,devtools,lighthouse,privacy,progressive-web-apps,install|2020-07-06|
=HYPERLINK("https://web.dev/long-tasks-devtools", "/long-tasks-devtools/")|||addyosmani|blog,performance|2019-05-29|
=HYPERLINK("https://web.dev/love-your-cache", "/love-your-cache/")|||samthor|blog,performance,network|2020-12-11|
=HYPERLINK("https://web.dev/maskable-icon", "/maskable-icon/")|||tigeroakes,thomassteiner|blog,capabilities,progressive-web-apps|2019-12-19|2020-09-16
=HYPERLINK("https://web.dev/media-session", "/media-session/")|||beaufortfrancois|blog,media,audio,video|2020-03-06|2021-01-15
=HYPERLINK("https://web.dev/milliseconds-make-millions", "/milliseconds-make-millions/")|||olgademidova|blog,performance,case-study,analytics,metrics,monetization,mobile|2020-06-24|
=HYPERLINK("https://web.dev/min-max-clamp", "/min-max-clamp/")|||una|blog,css,layout|2020-10-14|
=HYPERLINK("https://web.dev/model-viewer", "/model-viewer/")|||joemedley|blog,3d,augmented-reality,virtual-reality,webxr,model-viewer|2019-02-06|2020-08-21
=HYPERLINK("https://web.dev/module-workers", "/module-workers/")|||developit|blog,web-workers,javascript-modules,modules|2019-12-17|
=HYPERLINK("https://web.dev/monitor-total-page-memory-usage", "/monitor-total-page-memory-usage/")|||ulan|blog,memory,javascript|2020-04-13|2020-10-19
=HYPERLINK("https://web.dev/more-capable-form-controls", "/more-capable-form-controls/")|||arthurevans|blog,forms,web-components|2019-08-08|
=HYPERLINK("https://web.dev/more-variable-font-options-in-chromium-83", "/more-variable-font-options-in-chromium-83/")|||adamargyle,drott|blog,css,fonts|2020-05-21|2020-05-26
=HYPERLINK("https://web.dev/multi-origin-pwas", "/multi-origin-pwas/")|||demianrenzulli|blog,progressive-web-apps,service-worker|2019-08-19|
=HYPERLINK("https://web.dev/ndtv", "/ndtv/")||||blog,case-study,performance,web-vitals,scale-on-web|2020-10-27|2020-10-28
=HYPERLINK("https://web.dev/notification-triggers", "/notification-triggers/")|||thomassteiner|blog,capabilities,origin-trials,notification-triggers|2019-10-24|2020-09-28
=HYPERLINK("https://web.dev/nykaa", "/nykaa/")|||||2019-10-24|
=HYPERLINK("https://web.dev/off-main-thread", "/off-main-thread/")|||surma|blog,performance,test-post|2019-12-05|
=HYPERLINK("https://web.dev/one-line-layouts", "/one-line-layouts/")|||una|blog,css,layout,mobile|2020-07-07|
=HYPERLINK("https://web.dev/open-web-docs", "/open-web-docs/")|||robertnyman|blog|2021-01-25|
=HYPERLINK("https://web.dev/opensooq-case-study", "/opensooq-case-study/")|||hbatra|blog,e-commerce,reliable,case-study,performance,progressive-web-apps|2019-07-03|
=HYPERLINK("https://web.dev/optimize-fid", "/optimize-fid/")|||houssein,addyosmani|blog,performance,web-vitals|2020-05-05|
=HYPERLINK("https://web.dev/building-a-pwa-at-google-part-1", "/building-a-pwa-at-google-part-1/")|||joelriley,douglasparker,msdikla|blog,progressive-web-apps,service-worker,performance,storage,testing|2020-07-29|
=HYPERLINK("https://web.dev/badging-api", "/badging-api/")|||petelepage|blog,capabilities,progressive-web-apps,badging,notifications|2018-12-11|2020-08-14
=HYPERLINK("https://web.dev/origin-trials", "/origin-trials/")|||samdutton|blog,origin-trials|2020-06-22|2020-10-18
=HYPERLINK("https://web.dev/origin-agent-cluster", "/origin-agent-cluster/")|||domenic|blog,performance,memory|2021-02-01|
=HYPERLINK("https://web.dev/oyo-lite-twa", "/oyo-lite-twa/")|||ajain,mfriesenhahn|blog,twa,case-study|2019-11-07|2019-11-08
=HYPERLINK("https://web.dev/perception-toolkit", "/perception-toolkit/")|||joemedley|blog,visual-search|2019-05-07|
=HYPERLINK("https://web.dev/periodic-background-sync", "/periodic-background-sync/")|||jeffposnick,joemedley|capabilities,blog,progressive-web-apps,service-worker,chrome80|2019-11-10|2020-08-18
=HYPERLINK("https://web.dev/preconnect-and-dns-prefetch", "/preconnect-and-dns-prefetch/")|||mihajlija|blog,performance|2019-07-30|
=HYPERLINK("https://web.dev/predictive-prefetching", "/predictive-prefetching/")|||mgechev|blog,performance|2019-07-08|
=HYPERLINK("https://web.dev/persistent-storage", "/persistent-storage/")|||petelepage|blog,storage,progressive-web-apps|2020-05-12|2020-05-12
=HYPERLINK("https://web.dev/preload-optional-fonts", "/preload-optional-fonts/")|||houssein|blog,performance,fonts|2020-03-18|
=HYPERLINK("https://web.dev/prefers-reduced-motion", "/prefers-reduced-motion/")|||thomassteiner|blog,media-queries,css|2019-03-11|2019-12-10
=HYPERLINK("https://web.dev/profiling-web-audio-apps-in-chrome", "/profiling-web-audio-apps-in-chrome/")|||hongchanchoi|blog,media,webaudio,memory|2020-05-04|
=HYPERLINK("https://web.dev/preload-responsive-images", "/preload-responsive-images/")|||yoavweiss|blog,performance,images|2019-09-30|
=HYPERLINK("https://web.dev/push-notifications-client-codelab", "/push-notifications-client-codelab/")|||kaycebasques,katejeffreys|notifications,service-worker,progressive-web-apps,permissions,mobile,network,capabilities|2020-11-11|2020-12-06
=HYPERLINK("https://web.dev/proxx-announce", "/proxx-announce/")|||kosamari|blog,PROXX,games|2019-05-09|
=HYPERLINK("https://web.dev/push-notifications-overview", "/push-notifications-overview/")|||kaycebasques,mattgaunt|notifications,service-worker,progressive-web-apps,permissions,mobile,network,capabilities|2020-11-10|2020-12-06
=HYPERLINK("https://web.dev/rakuten-24", "/rakuten-24/")||||blog,case-study,install,mobile,progressive-web-apps,scale-on-web|2020-11-17|
=HYPERLINK("https://web.dev/push-notifications-server-codelab", "/push-notifications-server-codelab/")|||kaycebasques,katejeffreys|notifications,progressive-web-apps,mobile,network,capabilities|2020-11-11|2020-12-06
=HYPERLINK("https://web.dev/read-files", "/read-files/")|||kaycebasques,petelepage|blog,storage|2010-06-18|2020-05-08
=HYPERLINK("https://web.dev/reporting-observer", "/reporting-observer/")|||ericbidelman|blog,javascript|2019-08-21|2020-05-27
=HYPERLINK("https://web.dev/ready-player-web", "/ready-player-web/")|||tomgreenaway|blog,games,game-design,monetization,tools|2019-08-21|
=HYPERLINK("https://web.dev/requestvideoframecallback-rvfc", "/requestvideoframecallback-rvfc/")|||thomassteiner|blog,media,capabilities|2020-06-29|2020-08-17
=HYPERLINK("https://web.dev/samesite-cookie-recipes", "/samesite-cookie-recipes/")|||rowan_m|blog,security,cookies,chrome80,test-post|2019-10-30|2020-05-28
=HYPERLINK("https://web.dev/schemeful-samesite", "/schemeful-samesite/")|||bingler,rowan_m|blog,privacy,security|2020-11-20|
=HYPERLINK("https://web.dev/service-worker-mindset", "/service-worker-mindset/")|||geddski|blog,service-worker,PWA,offline,caching|2019-06-04|
=HYPERLINK("https://web.dev/shape-detection", "/shape-detection/")|||thomassteiner|blog,capabilities,origin-trials,shape-detection,progressive-web-apps,webapp|2019-01-07|2020-12-14
=HYPERLINK("https://web.dev/shopping-for-speed-on-ebay", "/shopping-for-speed-on-ebay/")|||addyosmani|blog,case-study,reliable,e-commerce,test-post,performance|2020-01-22|
=HYPERLINK("https://web.dev/sms-otp-form", "/sms-otp-form/")|||agektmr|blog,identity,security,forms,otp|2020-12-09|2020-12-09
=HYPERLINK("https://web.dev/snap-after-layout", "/snap-after-layout/")|||yigu,alsan,adamargyle|blog|2020-02-22|
=HYPERLINK("https://web.dev/speed-at-scale", "/speed-at-scale/")|||katiehempenius,addyosmani|blog,performance|2019-05-24|
=HYPERLINK("https://web.dev/speed-tooling-evolutions-cds-2019", "/speed-tooling-evolutions-cds-2019/")|||egsweeny|blog,performance|2019-12-16|
=HYPERLINK("https://web.dev/squoosh-v2", "/squoosh-v2/")|||kosamari|blog,tools,javascript,images|2020-12-09|
=HYPERLINK("https://web.dev/stale-while-revalidate", "/stale-while-revalidate/")|||jeffposnick|blog,speed,caching|2019-07-18|
=HYPERLINK("https://web.dev/storage-for-the-web", "/storage-for-the-web/")|||petelepage|blog,progressive-web-apps,storage,indexeddb,cachestorage,memory|2020-04-27|2021-02-11
=HYPERLINK("https://web.dev/sw-range-requests", "/sw-range-requests/")|||jeffposnick|blog,audio,caching,media,offline,service-worker,video|2020-10-06|2020-10-06
=HYPERLINK("https://web.dev/resize-observer", "/resize-observer/")|||surma,joemedley|blog,dom,javascript,layout,rendering|2016-10-07|2020-05-26
=HYPERLINK("https://web.dev/third-party-origin-trials", "/third-party-origin-trials/")|||samdutton|blog,origin-trials|2020-10-01|2020-10-07
=HYPERLINK("https://web.dev/truebil-lite", "/truebil-lite/")|||hbatra|blog,reliable,e-commerce,case-study,performance,progressive-web-apps|2019-08-16|
=HYPERLINK("https://web.dev/tokopedia", "/tokopedia/")||||blog,case-study,performance,web-vitals,scale-on-web|2020-10-13|
=HYPERLINK("https://web.dev/trust-tokens", "/trust-tokens/")|||samdutton|blog,privacy,security|2020-06-22|2021-02-01
=HYPERLINK("https://web.dev/trusted-types", "/trusted-types/")|||koto|blog,security,trusted-types|2020-03-25|
=HYPERLINK("https://web.dev/usb", "/usb/")|||beaufortfrancois|blog,capabilities,devices|2016-03-30|2020-10-19
=HYPERLINK("https://web.dev/use-srcset-to-automatically-choose-the-right-image", "/use-srcset-to-automatically-choose-the-right-image/")|||samdutton|blog,top tips,images,performance,responsive design,responsive images,srcset,sizes|2019-06-24|
=HYPERLINK("https://web.dev/use-thumbor", "/use-thumbor/")|||katiehempenius|blog,perforamnce,images|2019-09-23|
=HYPERLINK("https://web.dev/using-conversion-measurement", "/using-conversion-measurement/")|||maudn|blog,privacy|2020-11-12|2020-02-10
=HYPERLINK("https://web.dev/video-basics", "/video-basics/")|||dougsillars|media,blog,video|2019-09-03|
=HYPERLINK("https://web.dev/vitals-field-measurement-best-practices", "/vitals-field-measurement-best-practices/")|||philipwalton|blog,performance,web-vitals|2020-05-27|2020-07-21
=HYPERLINK("https://web.dev/vitals-tools", "/vitals-tools/")|||addyosmani,egsweeny|blog,web-vitals,performance|2020-05-28|
=HYPERLINK("https://web.dev/vitals-measurement-getting-started", "/vitals-measurement-getting-started/")|||katiehempenius|blog,performance,web-vitals|2020-05-27|2020-05-27
=HYPERLINK("https://web.dev/vr-comes-to-the-web", "/vr-comes-to-the-web/")|||joemedley|blog,augmented-reality,virtual-reality,webxr|2019-10-31|2020-03-02
=HYPERLINK("https://web.dev/vr-comes-to-the-web-pt-ii", "/vr-comes-to-the-web-pt-ii/")|||joemedley|blog,augmented-reality,virtual-reality,webxr|2020-02-13|
=HYPERLINK("https://web.dev/wake-lock", "/wake-lock/")|||petelepage,thomassteiner|blog,capabilities,wake-lock|2018-12-18|2020-11-02
=HYPERLINK("https://web.dev/web-animations", "/web-animations/")|||una,kevinellis|blog,animations,chrome84,javascript|2020-05-27|
=HYPERLINK("https://web.dev/web-ar", "/web-ar/")|||joemedley|blog,augmented-reality,virtual-reality,webxr|2020-02-13|
=HYPERLINK("https://web.dev/web-bundles", "/web-bundles/")|||uskay,kenjibaheux|blog,web-bundles|2019-11-11|
=HYPERLINK("https://web.dev/web-components-io-2019", "/web-components-io-2019/")|||arthurevans|blog,web-components|2019-06-18|
=HYPERLINK("https://web.dev/web-dev-io-2019", "/web-dev-io-2019/")||||blog|2019-05-04|
=HYPERLINK("https://web.dev/web-otp", "/web-otp/")|||agektmr|blog,identity,capabilities,otp|2019-10-07|2020-12-09
=HYPERLINK("https://web.dev/web-share", "/web-share/")|||joemedley|blog,capabilities|2019-11-08|2020-02-09
=HYPERLINK("https://web.dev/web-payments-updates", "/web-payments-updates/")|||rsolomakhin,danyao,agektmr|blog,payment|2019-06-13|
=HYPERLINK("https://web.dev/web-on-android", "/web-on-android/")|||andreban|android,blog|2020-07-30|2020-08-05
=HYPERLINK("https://web.dev/web-share-target", "/web-share-target/")|||petelepage,joemedley|blog,capabilities,progressive-web-apps|2019-11-08|2020-02-09
=HYPERLINK("https://web.dev/webcodecs", "/webcodecs/")|||djuffin|blog,media,video|2020-10-13|2020-10-16
=HYPERLINK("https://web.dev/webrtc-standard-announcement", "/webrtc-standard-announcement/")|||huib|blog,media|2021-01-26|2021-01-26
=HYPERLINK("https://web.dev/websocketstream", "/websocketstream/")|||thomassteiner|blog,backpressure,websocket,websocketstream,capabilities|2020-03-27|
=HYPERLINK("https://web.dev/when-to-use-local-https", "/when-to-use-local-https/")|||maudn|blog,security|2021-01-25|
=HYPERLINK("https://web.dev/why-coop-coep", "/why-coop-coep/")|||agektmr,domenic|blog,security|2020-05-04|2020-10-19
=HYPERLINK("https://web.dev/youtube-media-capabilities", "/youtube-media-capabilities/")|||beaufortfrancois|blog,media,ux,case-study|2019-06-12|
=HYPERLINK("https://web.dev/community-guidelines", "/community-guidelines/")||||||
=HYPERLINK("https://web.dev/zdf", "/zdf/")|||scottfriesen,martinschierle|blog,case-study,capabilities,progressive-web-apps|2020-10-07|
=HYPERLINK("https://web.dev/codelab-fix-sneaky-404", "/codelab-fix-sneaky-404/")|||martinsplitt||2018-11-05|
=HYPERLINK("https://web.dev/how-search-works", "/how-search-works/")|||ekharvey||2018-11-05|
=HYPERLINK("https://web.dev/pass-lighthouse-seo-audit", "/pass-lighthouse-seo-audit/")|||ekharvey||2018-11-05|
=HYPERLINK("https://web.dev/adaptive-serving-based-on-network-quality", "/adaptive-serving-based-on-network-quality/")|||mihajlija|performance|2019-05-06|
=HYPERLINK("https://web.dev/apply-instant-loading-with-prpl", "/apply-instant-loading-with-prpl/")|||houssein|performance|2018-11-05|
=HYPERLINK("https://web.dev/avoid-invisible-text", "/avoid-invisible-text/")|||katiehempenius|performance|2018-11-05|
=HYPERLINK("https://web.dev/workbox-share-targets", "/workbox-share-targets/")|||samrichard,joemedley,jeffposnick|blog,capabilities,workbox,test-post|2019-12-19|
=HYPERLINK("https://web.dev/chrome-ux-report", "/chrome-ux-report/")|||rviscomi|performance|2020-07-13|
=HYPERLINK("https://web.dev/chrome-ux-report-data-studio-dashboard", "/chrome-ux-report-data-studio-dashboard/")|||rviscomi|performance,blog|2020-06-22|
=HYPERLINK("https://web.dev/chrome-ux-report-bigquery", "/chrome-ux-report-bigquery/")|||rviscomi|performance|2020-06-12|
=HYPERLINK("https://web.dev/chrome-ux-report-pagespeed-insights", "/chrome-ux-report-pagespeed-insights/")|||rviscomi|performance|2020-05-28|
=HYPERLINK("https://web.dev/codelab-art-direction", "/codelab-art-direction/")|||katiehempenius|performance|2018-11-05|
=HYPERLINK("https://web.dev/codelab-adapt-video-to-image-serving-based-on-network-quality", "/codelab-adapt-video-to-image-serving-based-on-network-quality/")|||mihajlija|performance|2019-07-08|
=HYPERLINK("https://web.dev/codelab-avoid-invisible-text", "/codelab-avoid-invisible-text/")|||katiehempenius|performance|2018-11-05|
=HYPERLINK("https://web.dev/codelab-code-splitting", "/codelab-code-splitting/")|||houssein|performance|2018-11-05|
=HYPERLINK("https://web.dev/codelab-extract-and-inline-critical-css", "/codelab-extract-and-inline-critical-css/")|||mihajlija|performance|2019-05-29|
=HYPERLINK("https://web.dev/at-property", "/at-property/")|||una|blog,css,houdini|2020-07-21|
=HYPERLINK("https://web.dev/codelab-imagemin-gulp", "/codelab-imagemin-gulp/")|||katiehempenius|performance|2018-11-05|
=HYPERLINK("https://web.dev/codelab-imagemin-grunt", "/codelab-imagemin-grunt/")|||katiehempenius|performance|2018-11-05|
=HYPERLINK("https://web.dev/choose-the-right-image-format", "/choose-the-right-image-format/")|||ilyagrigorik|performance,images|2018-08-30|2020-06-18
=HYPERLINK("https://web.dev/codelab-imagemin-webpack", "/codelab-imagemin-webpack/")|||katiehempenius|performance|2018-11-05|
=HYPERLINK("https://web.dev/codelab-optimize-third-party-javascript", "/codelab-optimize-third-party-javascript/")|||mihajlija|performance|2019-08-08|
=HYPERLINK("https://web.dev/codelab-preload-web-fonts", "/codelab-preload-web-fonts/")|||gmimani|performance|2018-04-23|
=HYPERLINK("https://web.dev/codelab-replace-gifs-with-video", "/codelab-replace-gifs-with-video/")|||robdodson|performance|2018-11-05|2019-08-29
=HYPERLINK("https://web.dev/codelab-remove-unused-code", "/codelab-remove-unused-code/")|||houssein|performance|2018-11-05|
=HYPERLINK("https://web.dev/codelab-serve-images-webp", "/codelab-serve-images-webp/")|||katiehempenius|performance|2018-11-05|
=HYPERLINK("https://web.dev/codelab-setting-performance-budgets-with-webpack", "/codelab-setting-performance-budgets-with-webpack/")|||mihajlija|performance|2019-01-31|
=HYPERLINK("https://web.dev/codelab-serve-images-correct-dimensions", "/codelab-serve-images-correct-dimensions/")|||katiehempenius|performance|2018-11-05|
=HYPERLINK("https://web.dev/codelab-specifying-multiple-slot-widths", "/codelab-specifying-multiple-slot-widths/")|||katiehempenius|performance|2018-11-05|
=HYPERLINK("https://web.dev/codelab-text-compression", "/codelab-text-compression/")|||houssein|performance|2018-04-24|
=HYPERLINK("https://web.dev/codelab-text-compression-brotli", "/codelab-text-compression-brotli/")|||mdiblasio|performance|2019-05-05|
=HYPERLINK("https://web.dev/codelab-two-ways-to-prefetch", "/codelab-two-ways-to-prefetch/")|||demianrenzulli|performance|2019-09-12|
=HYPERLINK("https://web.dev/compress-images", "/compress-images/")|||ilyagrigorik|performance,images|2018-08-30|2020-06-18
=HYPERLINK("https://web.dev/codelab-use-lazysizes-to-lazyload-images", "/codelab-use-lazysizes-to-lazyload-images/")|||katiehempenius|performance|2018-11-05|
=HYPERLINK("https://web.dev/defer-non-critical-css", "/defer-non-critical-css/")|||demianrenzulli|performance|2019-02-17|2020-06-12
=HYPERLINK("https://web.dev/extract-critical-css", "/extract-critical-css/")|||mihajlija|blog,performance,css|2019-05-29|
=HYPERLINK("https://web.dev/how-can-performance-improve-conversion", "/how-can-performance-improve-conversion/")|||martinschierle|blog,performance,e-commerce|2019-06-11|
=HYPERLINK("https://web.dev/how-to-measure-speed", "/how-to-measure-speed/")|||bojanpavic,ansteychris|performance|2019-05-01|
=HYPERLINK("https://web.dev/how-to-report-metrics", "/how-to-report-metrics/")|||martinschierle|blog,e-commerce,performance|2019-05-05|
=HYPERLINK("https://web.dev/identify-slow-third-party-javascript", "/identify-slow-third-party-javascript/")|||mihajlija|performance|2019-08-14|
=HYPERLINK("https://web.dev/how-to-stay-fast", "/how-to-stay-fast/")|||bojanpavic,ansteychris|performance|2019-05-01|
=HYPERLINK("https://web.dev/efficiently-load-third-party-javascript", "/efficiently-load-third-party-javascript/")|||mihajlija|performance,third-party,javascript|2019-08-14|
=HYPERLINK("https://web.dev/image-cdns", "/image-cdns/")|||katiehempenius|performance|2019-08-14|
=HYPERLINK("https://web.dev/incorporate-performance-budgets-into-your-build-tools", "/incorporate-performance-budgets-into-your-build-tools/")|||mihajlija|performance|2019-02-01|
=HYPERLINK("https://web.dev/lazy-loading", "/lazy-loading/")|||jeremywagner,rachelandrew|performance,images|2019-08-16|2020-06-09
=HYPERLINK("https://web.dev/lazy-loading-best-practices", "/lazy-loading-best-practices/")|||jeremywagner,rachelandrew|performance|2019-08-16|2020-06-11
=HYPERLINK("https://web.dev/lazy-loading-video", "/lazy-loading-video/")|||jeremywagner,rachelandrew|performance|2019-08-16|2020-06-05
=HYPERLINK("https://web.dev/minify-css", "/minify-css/")|||demianrenzulli|performance|2019-05-02|
=HYPERLINK("https://web.dev/optimize-css-background-images-with-media-queries", "/optimize-css-background-images-with-media-queries/")|||demianrenzulli|performance|2020-03-05|2020-03-05
=HYPERLINK("https://web.dev/optimize-webfont-loading", "/optimize-webfont-loading/")|||ilyagrigorik|performance,fonts|2019-08-16|2020-07-03
=HYPERLINK("https://web.dev/performance-budgets-101", "/performance-budgets-101/")|||mihajlija|performance|2018-11-05|
=HYPERLINK("https://web.dev/preload-critical-assets", "/preload-critical-assets/")|||houssein,mihajlija|performance|2018-11-05|2020-05-27
=HYPERLINK("https://web.dev/prioritize-resources", "/prioritize-resources/")|||sgomes|performance|2018-08-17|2020-08-05
=HYPERLINK("https://web.dev/lazy-loading-images", "/lazy-loading-images/")|||jeremywagner,rachelandrew|performance,images|2019-08-16|2020-06-09
=HYPERLINK("https://web.dev/reduce-javascript-payloads-with-code-splitting", "/reduce-javascript-payloads-with-code-splitting/")|||houssein|performance|2018-11-05|
=HYPERLINK("https://web.dev/reduce-network-payloads-using-text-compression", "/reduce-network-payloads-using-text-compression/")|||houssein|performance|2018-11-05|
=HYPERLINK("https://web.dev/replace-gifs-with-videos", "/replace-gifs-with-videos/")|||houssein|performance|2018-11-05|2019-08-29
=HYPERLINK("https://web.dev/remove-unused-code", "/remove-unused-code/")|||houssein|performance|2018-11-05|
=HYPERLINK("https://web.dev/serve-images-webp", "/serve-images-webp/")|||katiehempenius|performance|2018-11-05|2020-04-06
=HYPERLINK("https://web.dev/serve-modern-code-to-modern-browsers", "/serve-modern-code-to-modern-browsers/")|||houssein|performance|2018-11-05|2020-06-23
=HYPERLINK("https://web.dev/serve-responsive-images", "/serve-responsive-images/")|||katiehempenius|performance|2018-11-05|
=HYPERLINK("https://web.dev/signed-exchanges", "/signed-exchanges/")|||katiehempenius|blog,performance|2020-10-14|
=HYPERLINK("https://web.dev/third-party-javascript", "/third-party-javascript/")|||mihajlija|blog,performance,third-party|2019-08-13|
=HYPERLINK("https://web.dev/serve-images-with-correct-dimensions", "/serve-images-with-correct-dimensions/")|||katiehempenius|performance|2018-11-05|
=HYPERLINK("https://web.dev/use-lazysizes-to-lazyload-images", "/use-lazysizes-to-lazyload-images/")|||katiehempenius|performance,images|2018-11-05|2019-04-10
=HYPERLINK("https://web.dev/use-lighthouse-for-performance-budgets", "/use-lighthouse-for-performance-budgets/")|||katiehempenius|blog,performance|2019-06-14|2020-04-03
=HYPERLINK("https://web.dev/using-bundlesize-with-travis-ci", "/using-bundlesize-with-travis-ci/")|||mihajlija|performance|2019-02-01|
=HYPERLINK("https://web.dev/using-lighthouse-bot-to-set-a-performance-budget", "/using-lighthouse-bot-to-set-a-performance-budget/")|||mihajlija|performance|2019-01-28|
=HYPERLINK("https://web.dev/value-of-speed", "/value-of-speed/")|||linahansson|blog,e-commerce,analytics,performance|2019-06-13|
=HYPERLINK("https://web.dev/what-is-speed", "/what-is-speed/")|||bojanpavic,ansteychris|performance|2019-05-01|
=HYPERLINK("https://web.dev/why-speed-matters", "/why-speed-matters/")|||bojanpavic,ansteychris,jeremywagner|performance|2019-05-01|2020-07-23
=HYPERLINK("https://web.dev/your-first-performance-budget", "/your-first-performance-budget/")|||mihajlija|performance|2018-11-05|
=HYPERLINK("https://web.dev/what-should-you-measure-to-improve-performance", "/what-should-you-measure-to-improve-performance/")|||martinschierle|blog,performance,ecommerce|2019-05-31|
=HYPERLINK("https://web.dev/audience", "/audience/")|||||2019-06-26|
=HYPERLINK("https://web.dev/case-study-guidelines", "/case-study-guidelines/")|||kaycebasques||2021-01-26|
=HYPERLINK("https://web.dev/author-profile", "/author-profile/")|||||2019-06-26|
=HYPERLINK("https://web.dev/content-types", "/content-types/")|||||2019-06-26|
=HYPERLINK("https://web.dev/effective-instruction", "/effective-instruction/")|||||2019-06-26|
=HYPERLINK("https://web.dev/grammar", "/grammar/")|||||2019-06-26|
=HYPERLINK("https://web.dev/inclusion-and-accessibility", "/inclusion-and-accessibility/")|||||2019-06-26|
=HYPERLINK("https://web.dev/markup-code", "/markup-code/")|||||2019-06-26|
=HYPERLINK("https://web.dev/codelab-density-descriptors", "/codelab-density-descriptors/")|||katiehempenius|performance|2018-11-05|
=HYPERLINK("https://web.dev/markup-post-codelab", "/markup-post-codelab/")|||||2019-06-26|2020-06-29
=HYPERLINK("https://web.dev/markup-sample-app", "/markup-sample-app/")|||||2019-06-26|
=HYPERLINK("https://web.dev/policies", "/policies/")|||||2020-09-29|
=HYPERLINK("https://web.dev/pull-requests", "/pull-requests/")|||||2020-07-15|
=HYPERLINK("https://web.dev/quality", "/quality/")|||||2019-10-01|
=HYPERLINK("https://web.dev/quick-start", "/quick-start/")|||||2020-02-11|
=HYPERLINK("https://web.dev/resolving-glitch-issues", "/resolving-glitch-issues/")|||houssein||2020-04-27|
=HYPERLINK("https://web.dev/redirects", "/redirects/")|||||2020-04-29|
=HYPERLINK("https://web.dev/reviews", "/reviews/")|||||2020-07-13|
=HYPERLINK("https://web.dev/code", "/code/")||||sandbox||
=HYPERLINK("https://web.dev/compare", "/compare/")||||sandbox||
=HYPERLINK("https://web.dev/instruction", "/instruction/")||||||
=HYPERLINK("https://web.dev/self-assessment-components", "/self-assessment-components/")|||||2020-01-28|
=HYPERLINK("https://web.dev/youtube", "/youtube/")||||sandbox||
=HYPERLINK("https://web.dev/third-party-contributions", "/third-party-contributions/")|||katiehempenius||2019-07-28|
=HYPERLINK("https://web.dev/tooling-and-libraries", "/tooling-and-libraries/")|||katiehempenius||2019-07-21|
=HYPERLINK("https://web.dev/use-media", "/use-media/")|||||2019-06-26|
=HYPERLINK("https://web.dev/voice", "/voice/")|||||2019-06-26|2020-07-24
=HYPERLINK("https://web.dev/use-imagemin-to-compress-images", "/use-imagemin-to-compress-images/")|||katiehempenius|performance|2018-11-05|2020-04-06
=HYPERLINK("https://web.dev/word-list", "/word-list/")|||||2019-06-26|2020-07-15
=HYPERLINK("https://web.dev/write-code-samples", "/write-code-samples/")|||||2019-06-26|
=HYPERLINK("https://web.dev/en", "/en/")|||||2018-11-05|
=HYPERLINK("https://web.dev/accesskeys", "/accesskeys/")|||||2019-05-02|2020-03-20
=HYPERLINK("https://web.dev/aria-allowed-attr", "/aria-allowed-attr/")|||||2019-05-02|2019-09-19
=HYPERLINK("https://web.dev/aria-hidden-focus", "/aria-hidden-focus/")|||||2019-10-17|
=HYPERLINK("https://web.dev/aria-name", "/aria-name/")||||accessibility|2020-12-08|
=HYPERLINK("https://web.dev/aria-required-attr", "/aria-required-attr/")|||||2019-05-02|2019-09-19
=HYPERLINK("https://web.dev/aria-required-children", "/aria-required-children/")|||||2019-05-02|2019-09-19
=HYPERLINK("https://web.dev/aria-required-parent", "/aria-required-parent/")|||||2019-05-02|2019-09-19
=HYPERLINK("https://web.dev/aria-roles", "/aria-roles/")|||||2019-05-02|
=HYPERLINK("https://web.dev/aria-valid-attr", "/aria-valid-attr/")|||||2019-05-02|2019-09-19
=HYPERLINK("https://web.dev/aria-valid-attr-value", "/aria-valid-attr-value/")|||||2019-05-02|2019-09-19
=HYPERLINK("https://web.dev/audio-caption", "/audio-caption/")|||||2019-05-02|2020-03-25
=HYPERLINK("https://web.dev/button-name", "/button-name/")|||||2019-05-02|2020-03-20
=HYPERLINK("https://web.dev/bypass", "/bypass/")|||||2019-05-02|2019-09-19
=HYPERLINK("https://web.dev/color-contrast", "/color-contrast/")|||||2019-05-02|2019-09-19
=HYPERLINK("https://web.dev/custom-controls-labels", "/custom-controls-labels/")|||||2019-05-02|2019-09-19
=HYPERLINK("https://web.dev/custom-control-roles", "/custom-control-roles/")|||||2019-05-02|2019-09-19
=HYPERLINK("https://web.dev/definition-list", "/definition-list/")|||||2019-05-02|2020-03-20
=HYPERLINK("https://web.dev/dlitem", "/dlitem/")|||||2019-05-02|2019-09-19
=HYPERLINK("https://web.dev/document-title", "/document-title/")|||||2019-05-02|2020-03-20
=HYPERLINK("https://web.dev/duplicate-id", "/duplicate-id/")|||||2019-05-02|2019-10-17
=HYPERLINK("https://web.dev/duplicate-id-active", "/duplicate-id-active/")|||||2019-10-17|
=HYPERLINK("https://web.dev/duplicate-id-aria", "/duplicate-id-aria/")|||||2019-10-17|
=HYPERLINK("https://web.dev/focus-traps", "/focus-traps/")|||||2019-05-02|2019-09-19
=HYPERLINK("https://web.dev/focusable-controls", "/focusable-controls/")|||||2019-05-02|2019-09-19
=HYPERLINK("https://web.dev/form-field-multiple-labels", "/form-field-multiple-labels/")|||||2019-10-17|
=HYPERLINK("https://web.dev/frame-title", "/frame-title/")|||||2019-05-02|2019-09-19
=HYPERLINK("https://web.dev/heading-levels", "/heading-levels/")|||||2019-05-02|2019-10-17
=HYPERLINK("https://web.dev/heading-order", "/heading-order/")|||||2019-10-17|2020-05-07
=HYPERLINK("https://web.dev/html-has-lang", "/html-has-lang/")|||||2019-05-02|2019-09-19
=HYPERLINK("https://web.dev/html-lang-valid", "/html-lang-valid/")|||||2019-05-02|2019-09-19
=HYPERLINK("https://web.dev/image-alt", "/image-alt/")|||||2019-05-02|2019-09-19
=HYPERLINK("https://web.dev/input-image-alt", "/input-image-alt/")|||||2019-05-02|2019-09-19
=HYPERLINK("https://web.dev/interactive-element-affordance", "/interactive-element-affordance/")|||||2019-05-02|2019-09-19
=HYPERLINK("https://web.dev/label", "/label/")|||||2019-05-02|2020-03-20
=HYPERLINK("https://web.dev/layout-table", "/layout-table/")|||||2019-05-02|2019-09-19
=HYPERLINK("https://web.dev/link-name", "/link-name/")|||||2019-05-02|2019-09-19
=HYPERLINK("https://web.dev/list", "/list/")|||||2019-05-02|2019-09-19
=HYPERLINK("https://web.dev/listitem", "/listitem/")|||||2019-05-02|2020-03-20
=HYPERLINK("https://web.dev/logical-tab-order", "/logical-tab-order/")|||||2019-05-02|2019-09-19
=HYPERLINK("https://web.dev/managed-focus", "/managed-focus/")|||||2019-05-02|2019-09-19
=HYPERLINK("https://web.dev/meta-refresh", "/meta-refresh/")|||||2019-05-02|2019-09-19
=HYPERLINK("https://web.dev/meta-viewport", "/meta-viewport/")|||||2019-05-02|2020-03-20
=HYPERLINK("https://web.dev/object-alt", "/object-alt/")|||||2019-05-02|2019-09-19
=HYPERLINK("https://web.dev/offscreen-content-hidden", "/offscreen-content-hidden/")|||||2019-05-02|2019-09-19
=HYPERLINK("https://web.dev/tabindex", "/tabindex/")|||||2019-05-02|2019-09-19
=HYPERLINK("https://web.dev/td-headers-attr", "/td-headers-attr/")|||||2019-05-02|2020-03-20
=HYPERLINK("https://web.dev/th-has-data-cells", "/th-has-data-cells/")|||||2019-05-02|2019-09-19
=HYPERLINK("https://web.dev/use-landmarks", "/use-landmarks/")|||||2019-05-02|2019-09-19
=HYPERLINK("https://web.dev/valid-lang", "/valid-lang/")|||||2019-05-02|2019-09-19
=HYPERLINK("https://web.dev/video-caption", "/video-caption/")|||||2019-05-02|2019-09-19
=HYPERLINK("https://web.dev/video-description", "/video-description/")|||||2019-05-02|2019-09-19
=HYPERLINK("https://web.dev/visual-order-follows-dom", "/visual-order-follows-dom/")|||||2019-05-02|2019-09-19
=HYPERLINK("https://web.dev/appcache-manifest", "/appcache-manifest/")|||||2019-05-02|2019-08-28
=HYPERLINK("https://web.dev/charset", "/charset/")|||||2020-05-05|
=HYPERLINK("https://web.dev/deprecations", "/deprecations/")|||||2019-05-02|2019-08-28
=HYPERLINK("https://web.dev/doctype", "/doctype/")|||||2019-05-02|2019-08-28
=HYPERLINK("https://web.dev/errors-in-console", "/errors-in-console/")|||||2019-05-02|2019-08-28
=HYPERLINK("https://web.dev/external-anchors-use-rel-noopener", "/external-anchors-use-rel-noopener/")|||||2019-05-02|2019-08-28
=HYPERLINK("https://web.dev/geolocation-on-start", "/geolocation-on-start/")|||||2019-05-02|2019-08-28
=HYPERLINK("https://web.dev/image-aspect-ratio", "/image-aspect-ratio/")|||||2019-05-02|2020-04-29
=HYPERLINK("https://web.dev/js-libraries", "/js-libraries/")|||||2019-05-02|2019-08-28
=HYPERLINK("https://web.dev/no-document-write", "/no-document-write/")|||||2019-05-02|2020-06-04
=HYPERLINK("https://web.dev/no-vulnerable-libraries", "/no-vulnerable-libraries/")|||||2019-05-02|2020-06-04
=HYPERLINK("https://web.dev/notification-on-start", "/notification-on-start/")|||||2019-05-02|2019-08-28
=HYPERLINK("https://web.dev/uses-http2", "/uses-http2/")|||||2019-05-02|2019-08-28
=HYPERLINK("https://web.dev/password-inputs-can-be-pasted-into", "/password-inputs-can-be-pasted-into/")|||||2019-05-02|2020-06-04
=HYPERLINK("https://web.dev/uses-passive-event-listeners", "/uses-passive-event-listeners/")|||||2019-05-02|2019-08-28
=HYPERLINK("https://web.dev/bootup-time", "/bootup-time/")||||memory|2019-05-02|2019-10-04
=HYPERLINK("https://web.dev/critical-request-chains", "/critical-request-chains/")|||||2019-05-02|2020-04-29
=HYPERLINK("https://web.dev/dom-size", "/dom-size/")||||memory|2019-05-02|2019-10-04
=HYPERLINK("https://web.dev/efficient-animated-content", "/efficient-animated-content/")|||||2019-05-02|2019-10-04
=HYPERLINK("https://web.dev/estimated-input-latency", "/estimated-input-latency/")|||||2019-05-02|2019-10-04
=HYPERLINK("https://web.dev/first-contentful-paint", "/first-contentful-paint/")|||||2019-05-02|2019-10-10
=HYPERLINK("https://web.dev/first-cpu-idle", "/first-cpu-idle/")|||||2019-05-02|2019-11-05
=HYPERLINK("https://web.dev/first-meaningful-paint", "/first-meaningful-paint/")|||||2019-05-02|2019-11-05
=HYPERLINK("https://web.dev/font-display", "/font-display/")|||||2019-05-02|2020-04-29
=HYPERLINK("https://web.dev/interactive", "/interactive/")|||||2019-05-02|2019-10-10
=HYPERLINK("https://web.dev/lighthouse-largest-contentful-paint", "/lighthouse-largest-contentful-paint/")|||||2020-01-10|
=HYPERLINK("https://web.dev/lighthouse-max-potential-fid", "/lighthouse-max-potential-fid/")|||||2019-05-02|2019-10-16
=HYPERLINK("https://web.dev/lighthouse-total-blocking-time", "/lighthouse-total-blocking-time/")|||||2019-10-09|
=HYPERLINK("https://web.dev/mainthread-work-breakdown", "/mainthread-work-breakdown/")|||||2019-05-02|2019-10-04
=HYPERLINK("https://web.dev/non-composited-animations", "/non-composited-animations/")|||||2020-08-12|
=HYPERLINK("https://web.dev/offscreen-images", "/offscreen-images/")|||||2019-05-02|2020-05-29
=HYPERLINK("https://web.dev/performance-scoring", "/performance-scoring/")|||||2019-09-19|2020-06-12
=HYPERLINK("https://web.dev/resource-summary", "/resource-summary/")|||||2019-05-02|2019-10-04
=HYPERLINK("https://web.dev/redirects", "/redirects/")|||||2019-05-04|2019-09-19
=HYPERLINK("https://web.dev/render-blocking-resources", "/render-blocking-resources/")|||||2019-05-02|2020-08-11
=HYPERLINK("https://web.dev/speed-index", "/speed-index/")|||||2019-05-02|2019-10-10
=HYPERLINK("https://web.dev/third-party-facades", "/third-party-facades/")|||||2020-12-01|
=HYPERLINK("https://web.dev/third-party-summary", "/third-party-summary/")|||||2019-05-02|2019-10-04
=HYPERLINK("https://web.dev/time-to-first-byte", "/time-to-first-byte/")|||||2019-05-02|2019-10-04
=HYPERLINK("https://web.dev/total-byte-weight", "/total-byte-weight/")|||||2019-05-02|2020-05-29
=HYPERLINK("https://web.dev/unminified-css", "/unminified-css/")|||||2019-05-02|2020-05-29
=HYPERLINK("https://web.dev/unminified-javascript", "/unminified-javascript/")|||||2019-05-02|2020-06-20
=HYPERLINK("https://web.dev/unused-css-rules", "/unused-css-rules/")|||||2019-05-02|2020-05-29
=HYPERLINK("https://web.dev/unused-javascript", "/unused-javascript/")|||||2020-07-07|
=HYPERLINK("https://web.dev/user-timings", "/user-timings/")|||||2019-05-02|2019-10-04
=HYPERLINK("https://web.dev/uses-long-cache-ttl", "/uses-long-cache-ttl/")|||||2019-05-02|2019-10-04
=HYPERLINK("https://web.dev/uses-optimized-images", "/uses-optimized-images/")|||||2019-05-02|2020-06-20
=HYPERLINK("https://web.dev/uses-rel-preconnect", "/uses-rel-preconnect/")|||||2019-05-02|2020-05-06
=HYPERLINK("https://web.dev/uses-rel-preload", "/uses-rel-preload/")|||||2019-05-02|2020-06-04
=HYPERLINK("https://web.dev/uses-responsive-images", "/uses-responsive-images/")|||||2019-05-02|2020-06-20
=HYPERLINK("https://web.dev/uses-text-compression", "/uses-text-compression/")|||||2019-05-02|2020-06-04
=HYPERLINK("https://web.dev/uses-webp-images", "/uses-webp-images/")|||||2019-05-02|2020-05-29
=HYPERLINK("https://web.dev/apple-touch-icon", "/apple-touch-icon/")|||||2019-08-27|2019-09-19
=HYPERLINK("https://web.dev/codelab-apple-touch-icon", "/codelab-apple-touch-icon/")|||kaycebasques||2019-08-26|
=HYPERLINK("https://web.dev/installable-manifest", "/installable-manifest/")|||||2019-05-04|2019-09-19
=HYPERLINK("https://web.dev/is-on-https", "/is-on-https/")|||||2019-05-04|2020-04-29
=HYPERLINK("https://web.dev/content-width", "/content-width/")|||||2019-05-04|2019-09-19
=HYPERLINK("https://web.dev/load-fast-enough-for-pwa", "/load-fast-enough-for-pwa/")|||||2019-05-04|2020-06-10
=HYPERLINK("https://web.dev/maskable-icon-audit", "/maskable-icon-audit/")|||||2020-05-06|
=HYPERLINK("https://web.dev/offline-start-url", "/offline-start-url/")|||||2019-05-04|2020-04-29
=HYPERLINK("https://web.dev/pwa-cross-browser", "/pwa-cross-browser/")|||||2019-05-04|2019-09-19
=HYPERLINK("https://web.dev/pwa-each-page-has-url", "/pwa-each-page-has-url/")|||||2019-05-04|2019-09-19
=HYPERLINK("https://web.dev/pwa-page-transitions", "/pwa-page-transitions/")|||||2019-05-04|2019-09-19
=HYPERLINK("https://web.dev/redirects-http", "/redirects-http/")|||||2019-05-04|2020-06-10
=HYPERLINK("https://web.dev/service-worker", "/service-worker/")|||||2019-05-04|2020-06-10
=HYPERLINK("https://web.dev/splash-screen", "/splash-screen/")|||||2019-05-04|2019-09-19
=HYPERLINK("https://web.dev/themed-omnibox", "/themed-omnibox/")|||||2019-05-04|2020-06-17
=HYPERLINK("https://web.dev/viewport", "/viewport/")|||||2019-05-02|2019-08-20
=HYPERLINK("https://web.dev/without-javascript", "/without-javascript/")|||||2019-05-04|2019-09-19
=HYPERLINK("https://web.dev/works-offline", "/works-offline/")|||||2019-05-04|2020-06-04
=HYPERLINK("https://web.dev/aria-hidden-body", "/aria-hidden-body/")|||||2019-10-17|
=HYPERLINK("https://web.dev/accessibility-scoring", "/accessibility-scoring/")|||||2019-09-19|
=HYPERLINK("https://web.dev/canonical", "/canonical/")|||||2019-05-02|2019-08-20
=HYPERLINK("https://web.dev/font-size", "/font-size/")|||||2019-05-02|2019-08-20
=HYPERLINK("https://web.dev/hreflang", "/hreflang/")|||||2019-05-02|2019-08-21
=HYPERLINK("https://web.dev/http-status-code", "/http-status-code/")|||||2019-05-02|2019-08-21
=HYPERLINK("https://web.dev/is-crawable", "/is-crawable/")|||||2019-05-02|2019-08-21
=HYPERLINK("https://web.dev/link-text", "/link-text/")|||||2019-05-02|2019-08-21
=HYPERLINK("https://web.dev/meta-description", "/meta-description/")|||||2019-05-02|2019-08-21
=HYPERLINK("https://web.dev/plugins", "/plugins/")|||||2019-05-02|2019-08-21
=HYPERLINK("https://web.dev/robots-txt", "/robots-txt/")|||||2019-05-02|2020-05-29
=HYPERLINK("https://web.dev/structured-data", "/structured-data/")|||||2019-05-02|2019-08-21
=HYPERLINK("https://web.dev/tap-targets", "/tap-targets/")|||||2019-05-02|2019-08-21
=HYPERLINK("https://web.dev/add-media", "/add-media/")|||joemedley|media,video|2020-06-19|2020-08-27
=HYPERLINK("https://web.dev/bitrate", "/bitrate/")|||joemedley|media,video|2017-06-30|2020-08-27
=HYPERLINK("https://web.dev/containers-and-codecs", "/containers-and-codecs/")|||joemedley|media,video|2017-06-30|2020-09-24
=HYPERLINK("https://web.dev/media-accessibility", "/media-accessibility/")|||joemedley|media,video,accessibility|2020-08-20|2020-08-27
=HYPERLINK("https://web.dev/media-application-basics", "/media-application-basics/")|||joemedley|media,video|2017-06-09|2020-09-24
=HYPERLINK("https://web.dev/media-experience", "/media-experience/")|||joemedley|media,video|2017-06-30|2020-08-27
=HYPERLINK("https://web.dev/media-file-basics", "/media-file-basics/")|||joemedley|media,video|2020-06-19|2020-08-27
=HYPERLINK("https://web.dev/codelab-preload-critical-assets", "/codelab-preload-critical-assets/")|||houssein|performance|2019-04-24|
=HYPERLINK("https://web.dev/prepare-media", "/prepare-media/")|||joemedley|media,video|2017-06-30|2020-08-27
=HYPERLINK("https://web.dev/resolution", "/resolution/")|||joemedley|media,video|2017-06-30|2020-08-27
=HYPERLINK("https://web.dev/video-and-source-tags", "/video-and-source-tags/")|||samdutton,joemedley|media,video|2015-02-15|2020-08-27
=HYPERLINK("https://web.dev/fcp", "/fcp/")|||philipwalton|performance,metrics|2019-11-07|2021-01-18
=HYPERLINK("https://web.dev/tbt", "/tbt/")|||philipwalton|performance,metrics|2019-11-07|2020-06-15
=HYPERLINK("https://web.dev/tti", "/tti/")|||philipwalton|performance,metrics|2019-11-07|2020-06-15
=HYPERLINK("https://web.dev/codelab-notifications-get-started", "/codelab-notifications-get-started/")||||notifications|2019-10-15|
=HYPERLINK("https://web.dev/user-centric-performance-metrics", "/user-centric-performance-metrics/")|||philipwalton|performance,metrics|2019-11-08|
=HYPERLINK("https://web.dev/codelab-notifications-push-server", "/codelab-notifications-push-server/")||||notifications|2019-11-20|
=HYPERLINK("https://web.dev/codelab-notifications-service-worker", "/codelab-notifications-service-worker/")|||katejeffreys|notifications|2019-10-14|
=HYPERLINK("https://web.dev/use-push-notifications-to-engage-users", "/use-push-notifications-to-engage-users/")|||katejeffreys|notifications|2019-10-21|
=HYPERLINK("https://web.dev/android-payment-apps-developers-guide", "/android-payment-apps-developers-guide/")|||yaraki,agektmr|blog,payments|2020-05-25|
=HYPERLINK("https://web.dev/empowering-payment-apps-with-web-payments", "/empowering-payment-apps-with-web-payments/")|||agektmr|blog,payments|2020-05-25|2020-07-16
=HYPERLINK("https://web.dev/life-of-a-payment-transaction", "/life-of-a-payment-transaction/")|||agektmr,mihajlija|payments|2020-05-25|2020-07-17
=HYPERLINK("https://web.dev/registering-a-web-based-payment-app", "/registering-a-web-based-payment-app/")|||agektmr|payments|2020-07-17|2020-07-20
=HYPERLINK("https://web.dev/web-based-payment-apps-overview", "/web-based-payment-apps-overview/")|||agektmr|blog,payments|2020-07-17|
=HYPERLINK("https://web.dev/add-manifest", "/add-manifest/")|||petelepage,beaufortfrancois|progressive-web-apps|2018-11-05|2021-02-01
=HYPERLINK("https://web.dev/define-install-strategy", "/define-install-strategy/")|||demianrenzulli,petelepage|progressive-web-apps|2020-05-12|2020-08-20
=HYPERLINK("https://web.dev/codelab-make-installable", "/codelab-make-installable/")|||petelepage|progressive-web-apps|2018-11-05|2021-02-12
=HYPERLINK("https://web.dev/customize-install", "/customize-install/")|||petelepage|progressive-web-apps|2020-02-14|2021-02-09
=HYPERLINK("https://web.dev/install-criteria", "/install-criteria/")|||petelepage|progressive-web-apps|2020-02-14|2021-02-09
=HYPERLINK("https://web.dev/manifest-updates", "/manifest-updates/")|||petelepage|progressive-web-apps|2020-10-14|2020-10-14
=HYPERLINK("https://web.dev/offline-fallback-page", "/offline-fallback-page/")|||thomassteiner|progressive-web-apps|2020-09-24|2021-02-09
=HYPERLINK("https://web.dev/using-a-pwa-in-your-android-app", "/using-a-pwa-in-your-android-app/")|||andreban|progressive-web-apps|2020-03-19|2020-04-30
=HYPERLINK("https://web.dev/promote-install", "/promote-install/")|||pjmclachlan,mustafakurtuldu|progressive-web-apps|2019-06-04|2020-06-17
=HYPERLINK("https://web.dev/what-are-pwas", "/what-are-pwas/")|||samrichard,petelepage|progressive-web-apps|2020-01-06|2020-02-24
=HYPERLINK("https://web.dev/add-manifest-react", "/add-manifest-react/")|||houssein||2019-04-29|
=HYPERLINK("https://web.dev/accessibility-auditing-react", "/accessibility-auditing-react/")|||houssein||2019-04-29|2020-07-16
=HYPERLINK("https://web.dev/code-splitting-suspense", "/code-splitting-suspense/")|||houssein,jeffposnick||2019-04-29|
=HYPERLINK("https://web.dev/codelab-quicklink", "/codelab-quicklink/")|||addyosmani,demianrenzulli,antonkarlovskiy||2020-06-08|
=HYPERLINK("https://web.dev/code-splitting-with-dynamic-imports-in-nextjs", "/code-splitting-with-dynamic-imports-in-nextjs/")|||mihajlija||2019-11-08|
=HYPERLINK("https://web.dev/get-started-optimize-react", "/get-started-optimize-react/")|||houssein||2019-04-29|
=HYPERLINK("https://web.dev/how-amp-can-guarantee-fastness-in-your-nextjs-app", "/how-amp-can-guarantee-fastness-in-your-nextjs-app/")|||houssein||2019-11-08|
=HYPERLINK("https://web.dev/how-to-use-amp-in-nextjs", "/how-to-use-amp-in-nextjs/")|||houssein||2019-11-08|
=HYPERLINK("https://web.dev/performance-as-a-default-with-nextjs", "/performance-as-a-default-with-nextjs/")|||houssein||2019-11-08|
=HYPERLINK("https://web.dev/prerender-with-react-snap", "/prerender-with-react-snap/")|||houssein||2019-04-29|
=HYPERLINK("https://web.dev/markup-media", "/markup-media/")|||||2019-06-26|2021-02-10
=HYPERLINK("https://web.dev/quicklink", "/quicklink/")|||addyosmani,demianrenzulli,antonkarlovskiy||2020-06-08|
=HYPERLINK("https://web.dev/virtualize-long-lists-react-window", "/virtualize-long-lists-react-window/")|||houssein,developit||2019-04-29|
=HYPERLINK("https://web.dev/route-prefetching-in-nextjs", "/route-prefetching-in-nextjs/")|||mihajlija||2019-11-08|
=HYPERLINK("https://web.dev/adaptive-loading-with-service-workers", "/adaptive-loading-with-service-workers/")|||demianrenzulli,jeffposnick|blog,case-study,network,service-worker,memory,amp|2020-06-23|2020-08-20
=HYPERLINK("https://web.dev/broadcast-updates-guide", "/broadcast-updates-guide/")|||demianrenzulli,andrewguan|service-worker,offline|2020-12-08|
=HYPERLINK("https://web.dev/codelab-explore-network-panel", "/codelab-explore-network-panel/")|||jeffposnick||2018-11-05|
=HYPERLINK("https://web.dev/media-cheat-sheet", "/media-cheat-sheet/")|||joemedley|media,video,audio|2018-09-20|2020-09-24
=HYPERLINK("https://web.dev/handling-navigation-requests", "/handling-navigation-requests/")|||jeffposnick|blog,network,service-worker,offline|2020-07-13|
=HYPERLINK("https://web.dev/codelab-service-workers", "/codelab-service-workers/")|||jeffposnick||2018-11-05|
=HYPERLINK("https://web.dev/identify-resources-via-network-panel", "/identify-resources-via-network-panel/")|||jeffposnick||2018-11-05|
=HYPERLINK("https://web.dev/app-shell-ux-with-service-workers", "/app-shell-ux-with-service-workers/")|||demianrenzulli,jeffposnick|blog,case-study,network,service-worker|2020-06-23|2020-08-20
=HYPERLINK("https://web.dev/codelab-building-resilient-search-experiences", "/codelab-building-resilient-search-experiences/")|||demianrenzulli,jeffposnick||2020-06-23|
=HYPERLINK("https://web.dev/imperative-caching-guide", "/imperative-caching-guide/")|||demianrenzulli,andrewguan|service-worker,performance,offline|2020-12-08|
=HYPERLINK("https://web.dev/instant-navigation-experiences", "/instant-navigation-experiences/")|||demianrenzulli,jeffposnick,gilbertococchi|blog,case-study,network,service-worker|2020-06-23|2020-08-20
=HYPERLINK("https://web.dev/measuring-offline-usage", "/measuring-offline-usage/")|||giesau,martinschierle|blog,offline,network,service-worker,metrics|2020-10-28|
=HYPERLINK("https://web.dev/network-connections-unreliable", "/network-connections-unreliable/")|||jeffposnick||2018-11-05|2020-10-08
=HYPERLINK("https://web.dev/resilient-search-experiences", "/resilient-search-experiences/")|||demianrenzulli,jeffposnick|blog,case-study,network,service-worker,offline|2020-06-23|2020-08-20
=HYPERLINK("https://web.dev/precache-with-workbox", "/precache-with-workbox/")|||jeffposnick||2018-11-05|
=HYPERLINK("https://web.dev/service-worker-caching-and-http-caching", "/service-worker-caching-and-http-caching/")|||jonchen|blog,network,service-worker,offline|2020-07-17|
=HYPERLINK("https://web.dev/runtime-caching-with-workbox", "/runtime-caching-with-workbox/")|||jeffposnick||2018-11-05|
=HYPERLINK("https://web.dev/two-way-communication-guide", "/two-way-communication-guide/")|||demianrenzulli,andrewguan|service-worker,offline|2020-12-08|
=HYPERLINK("https://web.dev/service-workers-cache-storage", "/service-workers-cache-storage/")|||jeffposnick||2018-11-05|2020-02-27
=HYPERLINK("https://web.dev/workers-overview", "/workers-overview/")|||demianrenzulli,andrewguan|blog,service-worker,performance,offline|2020-12-08|
=HYPERLINK("https://web.dev/workbox", "/workbox/")|||jeffposnick||2018-11-05|
=HYPERLINK("https://web.dev/cross-origin-isolation-guide", "/cross-origin-isolation-guide/")|||agektmr|security|2021-02-09|
=HYPERLINK("https://web.dev/browser-sandbox", "/browser-sandbox/")|||kosamari||2018-11-05|
=HYPERLINK("https://web.dev/fixing-mixed-content", "/fixing-mixed-content/")|||johyphenel,rachelandrew|security,network,privacy,html,css,javascript,images,media|2019-09-07|2020-09-23
=HYPERLINK("https://web.dev/cross-origin-resource-sharing", "/cross-origin-resource-sharing/")|||kosamari|security|2018-11-05|
=HYPERLINK("https://web.dev/same-site-same-origin", "/same-site-same-origin/")|||agektmr|security|2020-04-15|2020-06-10
=HYPERLINK("https://web.dev/same-origin-policy", "/same-origin-policy/")|||kosamari|security|2018-11-05|
=HYPERLINK("https://web.dev/security-attacks", "/security-attacks/")|||kosamari|security|2018-11-05|
=HYPERLINK("https://web.dev/what-is-mixed-content", "/what-is-mixed-content/")|||johyphenel,rachelandrew|security,network,privacy,html,css,javascript,images,media|2019-09-07|2020-09-24
=HYPERLINK("https://web.dev/security-not-scary", "/security-not-scary/")|||kosamari|security|2018-11-05|
=HYPERLINK("https://web.dev/why-https-matters", "/why-https-matters/")|||kaycebasques|security|2015-11-23|2020-04-07
=HYPERLINK("https://web.dev/vitals", "/vitals/")|||philipwalton|metrics,performance,web-vitals|2020-04-30|2020-07-21
=HYPERLINK("https://web.dev/a11y-tips-for-web-dev", "/a11y-tips-for-web-dev/")|||addyosmani|blog,accessibility,ux|2019-12-06|
=HYPERLINK("https://web.dev/bfcache", "/bfcache/")|||philipwalton|blog,performance,web-vitals|2020-11-10|2020-11-10
=HYPERLINK("https://web.dev/bluetooth", "/bluetooth/")|||beaufortfrancois|blog,capabilities,devices|2015-07-21|2020-10-19
=HYPERLINK("https://web.dev/build-for-webusb", "/build-for-webusb/")|||reillyg|blog,capabilities,devices|2018-12-20|2020-12-03
=HYPERLINK("https://web.dev/codelab-building-a-stories-component", "/codelab-building-a-stories-component/")|||adamargyle|css,dom,javascript,layout,mobile,ux|2020-11-25|
=HYPERLINK("https://web.dev/color-scheme", "/color-scheme/")|||thomassteiner|blog,css,dark-mode,dark-theme,prefers-color-scheme,color-scheme|2020-04-08|2020-06-16
=HYPERLINK("https://web.dev/conversion-measurement", "/conversion-measurement/")|||maudn,samdutton|blog,privacy|2020-10-06|2020-02-10
=HYPERLINK("https://web.dev/coop-coep", "/coop-coep/")|||agektmr|blog,security|2020-04-13|2021-02-09
=HYPERLINK("https://web.dev/covid19", "/covid19/")||||blog,accessibility,performance,seo,ux,security,mobile,forms,images,css,javascript,lighthouse,media,devtools|2020-04-03|2020-04-06
=HYPERLINK("https://web.dev/declarative-shadow-dom", "/declarative-shadow-dom/")|||developit,masonfreed|blog,dom,html,javascript,layout,rendering|2020-09-30|2020-12-15
=HYPERLINK("https://web.dev/defining-core-web-vitals-thresholds", "/defining-core-web-vitals-thresholds/")|||bmcquade|blog,performance,web-vitals|2020-05-21|2020-05-27
=HYPERLINK("https://web.dev/detached-window-memory-leaks", "/detached-window-memory-leaks/")|||developit,bartekn|blog,memory,dom,javascript,performance|2020-09-29|
=HYPERLINK("https://web.dev/digging-into-the-privacy-sandbox", "/digging-into-the-privacy-sandbox/")|||samdutton|blog,privacy,security|2020-04-08|2020-12-21
=HYPERLINK("https://web.dev/fast-playback-with-preload", "/fast-playback-with-preload/")|||beaufortfrancois|media,video,performance,network|2017-08-17|2020-11-16
=HYPERLINK("https://web.dev/file-system-access", "/file-system-access/")|||petelepage,thomassteiner|blog,capabilities,file,file-system|2019-08-20|2021-02-08
=HYPERLINK("https://web.dev/google-search-sw", "/google-search-sw/")|||jeffposnick|blog,performance,service-worker,case-study|2019-06-20|
=HYPERLINK("https://web.dev/hid", "/hid/")|||beaufortfrancois|blog,capabilities,devices|2020-09-15|2021-01-21
=HYPERLINK("https://web.dev/lighthouse-ci", "/lighthouse-ci/")|||katiehempenius|blog,performance,lighthouse|2020-07-27|
=HYPERLINK("https://web.dev/lighthouse-whats-new-6.0", "/lighthouse-whats-new-6.0/")|||cjamcl|blog,performance,lighthouse|2020-05-19|
=HYPERLINK("https://web.dev/load-faster-like-proxx", "/load-faster-like-proxx/")|||surma|blog,performance,memory|2019-09-23|
=HYPERLINK("https://web.dev/local-fonts", "/local-fonts/")|||thomassteiner|blog,fonts,capabilities|2020-08-24|2020-11-19
=HYPERLINK("https://web.dev/logical-property-shorthands", "/logical-property-shorthands/")|||adamargyle,loirooriol|blog,css,layout|2020-10-13|
=HYPERLINK("https://web.dev/multi-screen-window-placement", "/multi-screen-window-placement/")|||thomassteiner|blog,capabilities|2020-09-14|2020-09-15
=HYPERLINK("https://web.dev/next-gen-css-2019", "/next-gen-css-2019/")|||adamargyle,una|blog,css,accessibility,houdini,layout,ux|2019-12-05|2020-09-24
=HYPERLINK("https://web.dev/nfc", "/nfc/")|||beaufortfrancois|blog,capabilities,devices|2020-02-12|2021-01-21
=HYPERLINK("https://web.dev/optimize-cls", "/optimize-cls/")|||addyosmani|blog,performance,web-vitals|2020-05-05|2020-08-20
=HYPERLINK("https://web.dev/optimize-lcp", "/optimize-lcp/")|||houssein|blog,performance,web-vitals|2020-05-05|2020-08-20
=HYPERLINK("https://web.dev/overloaded-server", "/overloaded-server/")|||katiehempenius|blog,performance|2020-03-31|
=HYPERLINK("https://web.dev/referrer-best-practices", "/referrer-best-practices/")|||maudn|blog,security,privacy|2020-07-30|2020-09-23
=HYPERLINK("https://web.dev/responsive-web-design-basics", "/responsive-web-design-basics/")|||petelepage,rachelandrew|blog,css,layout,mobile,ux|2019-02-12|2020-05-14
=HYPERLINK("https://web.dev/samesite-cookies-explained", "/samesite-cookies-explained/")|||rowan_m|blog,security,cookies,chrome80|2019-05-07|2020-05-28
=HYPERLINK("https://web.dev/serial", "/serial/")|||beaufortfrancois|blog,capabilities,devices|2020-08-12|2021-02-03
=HYPERLINK("https://web.dev/sign-up-form-best-practices", "/sign-up-form-best-practices/")|||samdutton|blog,forms,identity,layout,mobile,security,ux|2020-12-09|2020-12-11
=HYPERLINK("https://web.dev/site-speed-and-business-metrics", "/site-speed-and-business-metrics/")|||msdikla,martinschierle,bpj|blog,performance,metrics,analytics,web-vitals|2020-07-17|
=HYPERLINK("https://web.dev/test-post", "/test-post/")|||robdodson|blog,accessibility,ux|2019-10-31|2020-11-01
=HYPERLINK("https://web.dev/text-fragments", "/text-fragments/")|||thomassteiner|blog,text-fragments,capabilities|2020-06-17|2021-02-02
=HYPERLINK("https://web.dev/user-agent-client-hints", "/user-agent-client-hints/")|||rowan_m,yoavweiss|blog,privacy,security|2020-06-25|2021-02-12
=HYPERLINK("https://web.dev/variable-fonts", "/variable-fonts/")|||mustafakurtuldu,thomassteiner,dcrossland,roeln|blog,fonts,performance,ux|2018-02-19|2020-08-17
=HYPERLINK("https://web.dev/webassembly-memory-debugging", "/webassembly-memory-debugging/")|||rreverser|blog,webassembly,memory,security,devtools|2020-08-13|
=HYPERLINK("https://web.dev/webtransport", "/webtransport/")|||jeffposnick|blog,capabilities,network|2020-06-08|2020-11-10
=HYPERLINK("https://web.dev/browser-level-image-lazy-loading", "/browser-level-image-lazy-loading/")|||houssein,addyosmani,mathiasbynens|blog,performance|2019-08-06|2020-07-16
=HYPERLINK("https://web.dev/chrome-ux-report-api", "/chrome-ux-report-api/")|||rviscomi,exterkamp|blog,chrome-ux-report,web-vitals,performance,metrics|2020-06-25|
=HYPERLINK("https://web.dev/codelab-serve-modern-code", "/codelab-serve-modern-code/")|||houssein|performance|2018-12-12|
=HYPERLINK("https://web.dev/content-delivery-networks", "/content-delivery-networks/")|||katiehempenius|blog,performance,network|2020-09-22|
=HYPERLINK("https://web.dev/fixing-website-speed-cross-functionally", "/fixing-website-speed-cross-functionally/")|||linahansson|performance|2020-02-28|
=HYPERLINK("https://web.dev/publish-modern-javascript", "/publish-modern-javascript/")|||houssein,developit|performance,blog|2020-12-10|2020-12-16
=HYPERLINK("https://web.dev/rail", "/rail/")||||performance,animations,devtools,lighthouse,metrics,mobile,network,rendering,ux|2020-06-10|
=HYPERLINK("https://web.dev/reduce-webfont-size", "/reduce-webfont-size/")|||ilyagrigorik|performance,fonts|2019-08-16|2020-07-03
=HYPERLINK("https://web.dev/content-checklist", "/content-checklist/")|||||2019-06-26|2021-01-25
=HYPERLINK("https://web.dev/precache-with-workbox-react", "/precache-with-workbox-react/")|||houssein||2019-04-29|
=HYPERLINK("https://web.dev/yaml-front-matter", "/yaml-front-matter/")|||||2020-08-06|
=HYPERLINK("https://web.dev/cls", "/cls/")|||philipwalton,mihajlija|performance,metrics|2019-06-11|2020-10-09
=HYPERLINK("https://web.dev/custom-metrics", "/custom-metrics/")|||philipwalton|performance,metrics|2019-11-08|
=HYPERLINK("https://web.dev/fid", "/fid/")|||philipwalton|performance,metrics|2019-11-07|2020-06-19
=HYPERLINK("https://web.dev/lcp", "/lcp/")|||philipwalton|performance,metrics|2019-08-08|2020-06-17
=HYPERLINK("https://web.dev/handling-optional-payment-information", "/handling-optional-payment-information/")|||agektmr|payments,service-worker|2020-08-31|
=HYPERLINK("https://web.dev/android-payment-apps-delegation", "/android-payment-apps-delegation/")|||sahel|payments|2020-07-17|
=HYPERLINK("https://web.dev/orchestrating-payment-transactions", "/orchestrating-payment-transactions/")|||agektmr|payments,service-worker|2020-08-31|
=HYPERLINK("https://web.dev/setting-up-a-payment-method", "/setting-up-a-payment-method/")|||agektmr|payments|2020-05-25|2020-07-17
=HYPERLINK("https://web.dev/drive-business-success", "/drive-business-success/")|||sfourault|progressive-web-apps|2020-05-20|2020-05-20
=HYPERLINK("https://web.dev/pwa-checklist", "/pwa-checklist/")|||samrichard,petelepage|progressive-web-apps|2020-01-06|2020-02-24
=HYPERLINK("https://web.dev/http-cache", "/http-cache/")|||jeffposnick,ilyagrigorik||2018-11-05|2020-04-17
=HYPERLINK("https://web.dev/offline-ux-design-guidelines", "/offline-ux-design-guidelines/")|||mustafakurtuldu,thomassteiner|progressive-web-apps,ux,capabilities,network,offline|2016-11-10|2020-10-29
=HYPERLINK("https://web.dev/offline-cookbook", "/offline-cookbook/")|||jakearchibald||2014-12-09|2020-09-28
=HYPERLINK("https://web.dev/payment-and-address-form-best-practices", "/payment-and-address-form-best-practices/")|||samdutton|blog,forms,identity,layout,mobile,payments,security,ux|2020-12-09|2021-01-15
=HYPERLINK("https://web.dev/prefers-color-scheme", "/prefers-color-scheme/")|||thomassteiner|blog,dark-mode,dark-theme,prefers-color-scheme,color-scheme,css|2019-06-27|2020-06-09
=HYPERLINK("https://web.dev/progressively-enhance-your-pwa", "/progressively-enhance-your-pwa/")|||thomassteiner|blog,capabilities,fugu,progressive-web-apps|2020-06-29|2020-07-10
=HYPERLINK("https://web.dev/promises", "/promises/")|||jakearchibald|javascript|2013-12-16|
=HYPERLINK("https://web.dev/sign-in-form-best-practices", "/sign-in-form-best-practices/")|||samdutton|blog,forms,identity,layout,mobile,security,ux|2020-06-29|2021-01-15
=HYPERLINK("https://web.dev/web-dev-components", "/web-dev-components/")|||||2019-06-26|2020-07-17
=HYPERLINK("https://web.dev/app-like-pwas", "/app-like-pwas/")|||thomassteiner|capabilities|2020-06-15|2020-07-23
